{
  "heading": {
    "heading_level": "2",
    "modifier": "heading--large center section-header",
    "title": "Featured Content",
    "url": ""
  },
  "items": [
    {
      "image": "<img src='https://source.unsplash.com/EwKXn5CapA4/400x520' alt='alt text here' />",
      "heading": {
        "heading_level": "3",
        "modifier": "card__title",
        "title": "The beauty of nature",
        "url": "#"
      },
      "date": "Jun 25",
      "category": "Sports",
      "body_text": "Curabitur blandit tempus porttitor. Vestibulum id ligula porta felis euismod semper. Vivamus sgittis lacus vel augue laoreet.",
      "author": {
        "photo": "<img src='https://source.unsplash.com/_cvwXhGqG-o/100x100' alt='Author's headshot' />",
        "name": "Valentina De Leon",
        "title": "Digital Strategist"
      },
      "modifier": "card--wide"
    },
    {
      "image": "<img src='https://source.unsplash.com//a8lTjWJJgLA/400x520' alt='Tech gadgets' />",
      "heading": {
        "heading_level": "3",
        "modifier": "card__title",
        "title": "The beauty of nature",
        "url": "#"
      },
      "date": "Sep 27",
      "category": "Lifestyle",
      "body_text": "Curabitur blandit tempus porttitor. Vestibulum id ligula porta felis euismod semper. Vivamus sgittis lacus vel augue laoreet.",
      "author": {
        "photo": "<img src='https://source.unsplash.com/_cvwXhGqG-o/100x100' alt='Author's headshot' />",
        "name": "Valentina De Leon",
        "title": "Digital Strategist"
      },
      "modifier": "card--wide"
    }
  ]
}