{
  "image": "<img src='https://source.unsplash.com/ny6qxqv_m04/400x520' alt='Women running' />",
  "title": {
    "heading_level": "2",
    "modifier": "card__title",
    "title": "Beauty of mother nature",
    "url": "#"
  },
  "date": "Mar 16",
  "category": "Sports",
  "body_text": "Curabitur blandit tempus porttitor. Vestibulum id ligula porta felis euismod semper. Vivamus sagittis lacus vel augue laoreet rutrum faucibus dolor auctor.",
  "tags": "",
  "author": {
    "photo": "<img src='https://source.unsplash.com/_cvwXhGqG-o/100x100' alt='Author's headshot' />",
    "name": "Valentina De Leon",
    "title": "Digital Strategist"
  },
  "view_mode": "featured",
  "modifier": "card--wide"
}