{"version":1,"timestamp":1590978432988,"graph":{"options":{"directed":true,"multigraph":false,"compound":false},"nodes":[{"v":"components/author/author.twig","value":{"compileState":"clean","lineagePattern":"components-card","lineagePath":"../../patterns/components-card-card/components-card-card.rendered.html"}},{"v":"components/button/button.twig","value":{"compileState":"clean","lineagePattern":"components-from-our-blog","lineagePath":"../../patterns/components-from-our-blog-from-our-blog/components-from-our-blog-from-our-blog.rendered.html"}},{"v":"components/card/card.twig","value":{"compileState":"clean","lineagePattern":"components-featured-content","lineagePath":"../../patterns/components-featured-content-featured-content/components-featured-content-featured-content.rendered.html"}},{"v":"components/from-our-blog/from-our-blog.twig","value":{"compileState":"clean"}},{"v":"components/eyebrow/eyebrow.twig","value":{"compileState":"clean"}},{"v":"components/featured-content/featured-content.twig","value":{"compileState":"clean"}},{"v":"components/hero/hero.twig","value":{"compileState":"clean"}},{"v":"components/heading/heading.twig","value":{"compileState":"clean","lineagePattern":"components-featured-content","lineagePath":"../../patterns/components-featured-content-featured-content/components-featured-content-featured-content.rendered.html"}},{"v":"components/icons/_icons-macro.twig","value":{"compileState":"clean"}},{"v":"components/icons/icons.twig","value":{"compileState":"clean"}},{"v":"components/main-menu/_main-menu-macro.twig","value":{"compileState":"clean"}},{"v":"components/main-menu/main-menu.twig","value":{"compileState":"clean"}},{"v":"components/media-item/media-item.twig","value":{"compileState":"clean"}},{"v":"components/message/message.twig","value":{"compileState":"clean"}},{"v":"components/tabs/tabs.twig","value":{"compileState":"clean"}},{"v":"components/tags/_tag-item.twig","value":{"compileState":"clean","lineagePattern":"components-tags","lineagePath":"../../patterns/components-tags-tags/components-tags-tags.rendered.html"}},{"v":"components/tags/tags.twig","value":{"compileState":"clean","lineagePattern":"components-card","lineagePath":"../../patterns/components-card-card/components-card-card.rendered.html"}},{"v":"global/colors/colors.twig","value":{"compileState":"clean"}},{"v":"global/fonts/fonts.twig","value":{"compileState":"clean"}},{"v":"global/forms/checkbox.twig","value":{"compileState":"clean"}},{"v":"global/forms/inputs.twig","value":{"compileState":"clean"}},{"v":"global/forms/radio-buttons.twig","value":{"compileState":"clean"}},{"v":"global/forms/select-menu.twig","value":{"compileState":"clean"}},{"v":"global/images/landscape-16x9.twig","value":{"compileState":"clean"}},{"v":"global/images/landscape-4x3.twig","value":{"compileState":"clean"}},{"v":"global/images/loading-icon.twig","value":{"compileState":"clean"}},{"v":"global/images/square.twig","value":{"compileState":"clean"}},{"v":"global/lists/definition.twig","value":{"compileState":"clean"}},{"v":"global/lists/ordered.twig","value":{"compileState":"clean"}},{"v":"global/lists/unordered.twig","value":{"compileState":"clean"}},{"v":"global/tables/table.twig","value":{"compileState":"clean"}},{"v":"global/text/blockquote.twig","value":{"compileState":"clean"}},{"v":"global/text/headings.twig","value":{"compileState":"clean"}},{"v":"global/text/hr.twig","value":{"compileState":"clean"}},{"v":"global/text/inline-elements.twig","value":{"compileState":"clean"}},{"v":"global/text/paragraph.twig","value":{"compileState":"clean"}},{"v":"global/text/preformatted-text.twig","value":{"compileState":"clean"}},{"v":"global/text/time.twig","value":{"compileState":"clean"}},{"v":"components/card/card~wide.json","value":{"compileState":"clean"}},{"v":"components/media-item/media-item~video.json","value":{"compileState":"clean"}}],"edges":[{"v":"components/card/card~wide.json","w":"components/card/card.twig","value":{}},{"v":"components/card/card~wide.json","w":"components/heading/heading.twig","value":{}},{"v":"components/card/card~wide.json","w":"components/tags/tags.twig","value":{}},{"v":"components/card/card~wide.json","w":"components/author/author.twig","value":{}},{"v":"components/media-item/media-item~video.json","w":"components/media-item/media-item.twig","value":{}},{"v":"components/card/card.twig","w":"components/heading/heading.twig","value":{}},{"v":"components/card/card.twig","w":"components/tags/tags.twig","value":{}},{"v":"components/card/card.twig","w":"components/author/author.twig","value":{}},{"v":"components/hero/hero.twig","w":"components/heading/heading.twig","value":{}},{"v":"components/hero/hero.twig","w":"components/button/button.twig","value":{}},{"v":"components/from-our-blog/from-our-blog.twig","w":"components/heading/heading.twig","value":{}},{"v":"components/from-our-blog/from-our-blog.twig","w":"components/card/card.twig","value":{}},{"v":"components/from-our-blog/from-our-blog.twig","w":"components/button/button.twig","value":{}},{"v":"components/featured-content/featured-content.twig","w":"components/heading/heading.twig","value":{}},{"v":"components/featured-content/featured-content.twig","w":"components/card/card.twig","value":{}},{"v":"components/tags/tags.twig","w":"components/tags/_tag-item.twig","value":{}}]}}
