{
  "heading": {
    "heading_level": "2",
    "modifier": "heading--large center section-header",
    "title": "From our blog",
    "url": ""
  },
  "cta": {
    "modifier": "",
    "text": "See more articles",
    "url": "#"
  },
  "items": [
    {
      "image": "<img src='https://source.unsplash.com/qQGAQMbURhU/640x360' alt='Man doing yoga' />",
      "title": {
        "heading_level": "3",
        "modifier": "card__title",
        "title": "The beauty of nature",
        "url": "#"
      },
      "date": "March 16 2020",
      "body_text": "Curabitur blandit tempus porttitor. Vestibulum id ligula porta felis euismod semper. Vivamus sagittis lacus vel augue laoreet rutrum faucibus dolor auctor.",
      "tags": [
        {
          "name": "Phtography",
          "url": "#"
        },
        {
          "name": "Nature",
          "url": "#"
        },
        {
          "name": "Outdors",
          "url": "#"
        }
      ],
      "modifier": "from-our-blog__card"
    },
    {
      "image": "<img src='https://source.unsplash.com/HONJP8DyiSM/640x360' alt='Tech gadgets' />",
      "title": {
        "heading_level": "3",
        "modifier": "card__title",
        "title": "The beauty of nature",
        "url": "#"
      },
      "date": "March 16 2020",
      "body_text": "Curabitur blandit tempus porttitor. Vestibulum id ligula porta felis euismod semper. Vivamus sagittis lacus vel augue laoreet rutrum faucibus dolor auctor.",
      "tags": [
        {
          "name": "Phtography",
          "url": "#"
        },
        {
          "name": "Nature",
          "url": "#"
        },
        {
          "name": "Outdors",
          "url": "#"
        }
      ],
      "modifier": "from-our-blog__card"
    },
    {
      "image": "<img src='https://source.unsplash.com/4b9Talfia6c/640x360' alt='Candy in shape of heart' />",
      "title": {
        "heading_level": "3",
        "modifier": "card__title",
        "title": "The beauty of nature",
        "url": "#"
      },
      "date": "March 16 2020",
      "body_text": "Curabitur blandit tempus porttitor. Vestibulum id ligula porta felis euismod semper. Vivamus sagittis lacus vel augue laoreet rutrum faucibus dolor auctor.",
      "tags": [
        {
          "name": "Phtography",
          "url": "#"
        },
        {
          "name": "Nature",
          "url": "#"
        },
        {
          "name": "Outdors",
          "url": "#"
        }
      ],
      "modifier": "from-our-blog__card"
    },
    {
      "image": "<img src='https://source.unsplash.com/hn6CC9aosEk/640x360' alt='Painting of a tiger' />",
      "title": {
        "heading_level": "3",
        "modifier": "card__title",
        "title": "The beauty of nature",
        "url": "#"
      },
      "date": "March 16 2020",
      "body_text": "Curabitur blandit tempus porttitor. Vestibulum id ligula porta felis euismod semper. Vivamus sagittis lacus vel augue laoreet rutrum faucibus dolor auctor.",
      "tags": [
        {
          "name": "Phtography",
          "url": "#"
        },
        {
          "name": "Nature",
          "url": "#"
        },
        {
          "name": "Outdors",
          "url": "#"
        }
      ],
      "modifier": "from-our-blog__card"
    }
  ]
}